{
  "dadosTreinamento": {
    "entrada": [
      [
        0.1,
        0.2,
        0.3,
        0.4
      ],
      [
        0.2,
        0.3,
        0.1,
        0.5
      ],
      [
        0.4,
        0.3,
        0.2,
        0.6
      ],
      [
        0.6,
        0.1,
        0.7,
        0.2
      ],
      [
        0.8,
        0.2,
        0.4,
        0.1
      ],
      [
        0.30000001192092896,
        0.20000000298023224,
        0.6000000238418579,
        0.10000000149011612
      ],
      [
        0.699999988079071,
        0.4000000059604645,
        0.800000011920929,
        0.30000001192092896
      ],
      [
        0.30000001192092896,
        0.20000000298023224,
        0.6000000238418579,
        0.10000000149011612
      ],
      [
        0.699999988079071,
        0.4000000059604645,
        0.800000011920929,
        0.30000001192092896
      ],
      [
        0.30000001192092896,
        0.20000000298023224,
        0.6000000238418579,
        0.10000000149011612
      ],
      [
        0.699999988079071,
        0.4000000059604645,
        0.800000011920929,
        0.30000001192092896
      ]
    ],
    "rotulo": [
      1,
      0,
      1,
      0,
      1,
      1,
      1,
      1,
      0,
      1
    ]
  }
}